{
  "prompt_v1_scores": {
    "faithfulness": 0.9410367965367965,
    "answer_relevancy": 0.8188064474901323,
    "context_recall": 1.0,
    "context_precision": 0.9499999999275001
  },
  "prompt_v2_scores": {
    "faithfulness": 0.9461535131535131,
    "answer_relevancy": 0.7911562359734796,
    "context_recall": 1.0,
    "context_precision": 0.9499999999288333
  },
  "target_met": true,
  "sample_size": 50,
  "total_qa_pairs": 50,
  "ragas_config": {
    "timeout": 180,
    "max_workers": 16,
    "batch_size": 16,
    "max_retries": 1,
    "answer_relevancy_strictness": 1
  }
}